{
    "mean": [
        2018.000130356852,
        6.522307316278312,
        15.73045461952094,
        11.499641518657324,
        5.217161968388463,
        227.6189571451849,
        86.7814881864103,
        4.455407202216067,
        3.729991852696758,
        5.862829884308294,
        225.2250236271794,
        89.45320091249795,
        4.672330291673457,
        4.055142088968551,
        6.093361903210037,
        218.37984357177774,
        91.36710672967247,
        4.656708652436043,
        4.935698712726087,
        6.245853837379827,
        218.60640215088804,
        91.70672836890989,
        4.523549454130682,
        5.701112595730813,
        6.011848623105752,
        217.65105751996086,
        90.22122193254032,
        4.592503829232524,
        5.224173048720873,
        4.965158872413231,
        226.77839824018247,
        82.66753283363207,
        4.310805116506437,
        1.3047896366302751,
        3.8835830210200424,
        226.00365976861661,
        80.66941681603389,
        4.099470262343164,
        -0.3428487860518172,
        3.138980283526153,
        219.50506436369562,
        80.00181358970181,
        4.04059165716148,
        -1.8355030145022,
        4.757874042691869,
        232.172967247841,
        83.8418979957634,
        4.233485253381131,
        1.7757567215251755
    ],
    "std": [
        2.0000977610013813,
        3.4489124263957884,
        8.80089836126927,
        6.922359165326199,
        2.4798036014787597,
        86.65628731615608,
        0.6624597581271908,
        2.581260185753068,
        11.214644000964585,
        2.771961008925033,
        95.17877240056696,
        0.6945172677305899,
        2.821468003605948,
        11.490793299151104,
        2.8756065803052686,
        99.74791666841341,
        0.7060311916067171,
        2.7980102373988873,
        11.958041493813116,
        2.9789729065762014,
        98.20357940968323,
        0.7108462428676245,
        2.641583259531013,
        12.124928330654011,
        2.8127871166211915,
        96.6863710914694,
        0.6756255921782697,
        2.62957762184552,
        11.856781845103505,
        2.4145102506944793,
        76.54819254467554,
        0.6438892380885001,
        2.388911761777653,
        11.015431631515133,
        1.8526144376736033,
        72.41808825540056,
        0.6605964689331297,
        2.356522104606058,
        10.96975762362658,
        1.5133072123723381,
        73.65793734227111,
        0.6609630757535803,
        2.4646340269302534,
        11.084808725299952,
        2.2754629635147565,
        78.78634435348359,
        0.679728421569251,
        2.467843982659719,
        10.937963143280902
    ],
    "columns": [
        "YEAR",
        "MO",
        "DY",
        "HR",
        "C_WS50M",
        "C_WD50M",
        "C_PS",
        "C_QV2M",
        "C_T2M",
        "N_WS50M",
        "N_WD50M",
        "N_PS",
        "N_QV2M",
        "N_T2M",
        "NE_WS50M",
        "NE_WD50M",
        "NE_PS",
        "NE_QV2M",
        "NE_T2M",
        "E_WS50M",
        "E_WD50M",
        "E_PS",
        "E_QV2M",
        "E_T2M",
        "SE_WS50M",
        "SE_WD50M",
        "SE_PS",
        "SE_QV2M",
        "SE_T2M",
        "S_WS50M",
        "S_WD50M",
        "S_PS",
        "S_QV2M",
        "S_T2M",
        "SW_WS50M",
        "SW_WD50M",
        "SW_PS",
        "SW_QV2M",
        "SW_T2M",
        "W_WS50M",
        "W_WD50M",
        "W_PS",
        "W_QV2M",
        "W_T2M",
        "NW_WS50M",
        "NW_WD50M",
        "NW_PS",
        "NW_QV2M",
        "NW_T2M"
    ]
}